{"stats":{"minecraft:dropped":{"minecraft:enchanted_book":1,"minecraft:pink_stained_glass":3,"minecraft:cobblestone_wall":1,"minecraft:glass_bottle":7,"minecraft:diamond_leggings":1,"minecraft:crossbow":5,"minecraft:glowstone_dust":23,"minecraft:saddle":20,"minecraft:totem_of_undying":9,"minecraft:stick":9,"minecraft:emerald":14,"minecraft:lava_bucket":2,"minecraft:diamond_sword":3,"minecraft:gunpowder":5,"minecraft:diamond_chestplate":1,"minecraft:repeater":2,"minecraft:hopper":1,"minecraft:diamond_helmet":1,"minecraft:potion":2,"minecraft:spider_eye":2,"minecraft:diamond_boots":1,"minecraft:white_banner":31,"minecraft:iron_axe":5,"minecraft:sugar":14,"minecraft:smooth_stone":4,"minecraft:redstone":8},"minecraft:mined":{"minecraft:pink_stained_glass":1,"minecraft:vine":5},"minecraft:picked_up":{"minecraft:diamond_sword":3,"minecraft:enchanted_book":1,"minecraft:potion":3,"minecraft:gunpowder":7,"minecraft:cobblestone_wall":1,"minecraft:white_banner":51,"minecraft:iron_axe":9,"minecraft:kelp":97,"minecraft:diamond_leggings":1,"minecraft:glass_bottle":28,"minecraft:diamond_helmet":1,"minecraft:glowstone_dust":23,"minecraft:stick":51,"minecraft:birch_boat":21,"minecraft:redstone":19,"minecraft:spider_eye":2,"minecraft:stone_pressure_plate":1,"minecraft:diamond_chestplate":1,"minecraft:sugar":14,"minecraft:diamond_boots":1,"minecraft:crossbow":11,"minecraft:totem_of_undying":14,"minecraft:saddle":26,"minecraft:emerald":20},"minecraft:killed":{"minecraft:evoker":71,"minecraft:vex":94,"minecraft:witch":199,"minecraft:vindicator":518,"minecraft:ravager":6,"minecraft:pillager":939,"minecraft:villager":2},"minecraft:used":{"minecraft:oak_trapdoor":72,"minecraft:water_bucket":73,"minecraft:cobblestone_stairs":2,"minecraft:damaged_anvil":3,"minecraft:diamond_boots":2,"minecraft:redstone":73,"minecraft:ladder":12,"minecraft:chest":27,"minecraft:birch_boat":42,"minecraft:redstone_block":6,"minecraft:composter":2,"minecraft:vex_spawn_egg":2,"minecraft:structure_block":41,"minecraft:anvil":3,"minecraft:soul_sand":2,"minecraft:target":26,"minecraft:vine":5,"minecraft:tnt":1,"minecraft:hopper":18,"minecraft:cobblestone_wall":69,"minecraft:diamond_helmet":2,"minecraft:piston":33,"minecraft:lava_bucket":32,"minecraft:villager_spawn_egg":7,"minecraft:quartz_slab":263,"minecraft:bread":12,"minecraft:string":10,"minecraft:stone_button":2,"minecraft:totem_of_undying":1,"minecraft:diamond_chestplate":2,"minecraft:tripwire_hook":8,"minecraft:repeater":20,"minecraft:wooden_sword":21,"minecraft:diamond_sword":3173,"minecraft:jungle_sign":62,"minecraft:iron_trapdoor":21,"minecraft:cooked_porkchop":103,"minecraft:bucket":7,"minecraft:pink_stained_glass":999,"minecraft:stone_pressure_plate":56,"minecraft:kelp":1,"minecraft:bone_meal":96,"minecraft:smooth_stone":624,"minecraft:diamond_leggings":2},"minecraft:custom":{"minecraft:mob_kills":1890,"minecraft:interact_with_anvil":6,"minecraft:inspect_hopper":22,"minecraft:raid_trigger":71,"minecraft:leave_game":3,"minecraft:time_since_death":20293,"minecraft:climb_one_cm":6759,"minecraft:time_since_rest":20314,"minecraft:sprint_one_cm":26728,"minecraft:walk_one_cm":197432,"minecraft:damage_taken":19517,"minecraft:damage_absorbed":22,"minecraft:drop":128,"minecraft:damage_dealt":239985,"minecraft:swim_one_cm":23888,"minecraft:talked_to_villager":2,"minecraft:fly_one_cm":224253,"minecraft:raid_win":11,"minecraft:open_chest":43,"minecraft:crouch_one_cm":38836,"minecraft:play_time":275704,"minecraft:deaths":32,"minecraft:sneak_time":22586,"minecraft:walk_under_water_one_cm":1638820,"minecraft:boat_one_cm":10845,"minecraft:jump":959,"minecraft:walk_on_water_one_cm":56867,"minecraft:total_world_time":396003,"minecraft:fall_one_cm":110129},"minecraft:killed_by":{"minecraft:vindicator":2,"minecraft:evoker":4,"minecraft:pillager":1,"minecraft:ravager":4,"minecraft:vex":11}},"DataVersion":2975}